image,eps,psnr,ssim,output_l2,output_mse,seconds
182638.jpg,4/255,36.97376682394453,0.8946444392204285,173.29798889160156,0.18368785083293915,8.701954364776611
182639.jpg,4/255,37.31753293814745,0.9157547950744629,227.4875030517578,0.35412245988845825,8.714882850646973
182640.jpg,4/255,37.09200229775563,0.9252658486366272,267.2457275390625,0.3719196021556854,8.854229211807251
182641.jpg,4/255,37.20216711584711,0.9245713353157043,227.7274169921875,0.2817404568195343,8.985748767852783
182642.jpg,4/255,36.96625352487725,0.8685163855552673,237.2959442138672,0.37951168417930603,9.03221082687378
182643.jpg,4/255,37.13255110435417,0.9121548533439636,191.27456665039062,0.21825918555259705,9.145043849945068
182644.jpg,4/255,36.84460766492285,0.9046879410743713,172.00730895996094,0.16275188326835632,9.240800619125366
182645.jpg,4/255,37.18070014520518,0.92719966173172,234.04434204101562,0.3029825985431671,9.363488674163818
182646.jpg,4/255,37.11239644733793,0.8927040100097656,222.10435485839844,0.3131987154483795,9.442091464996338
182647.jpg,4/255,36.87162786681497,0.9090221524238586,193.8108673095703,0.2160113900899887,9.583828926086426
182648.jpg,4/255,37.11471756707712,0.9324886798858643,209.01939392089844,0.24155117571353912,9.716490507125854
182649.jpg,4/255,36.96097918027157,0.8892380595207214,196.07022094726562,0.2222432643175125,9.79014801979065
182650.jpg,4/255,37.36658461732648,0.9168694615364075,276.9698791503906,0.4058469533920288,9.85165286064148
182651.jpg,4/255,37.30884593514216,0.9050187468528748,256.4501647949219,0.3643328547477722,9.90483570098877
182652.jpg,4/255,37.07506530957496,0.945338249206543,210.13174438476562,0.2459469884634018,10.067122459411621
182653.jpg,4/255,36.93606870406741,0.921248197555542,196.84193420410156,0.21004581451416016,10.243645906448364
182654.jpg,4/255,36.97576553299823,0.9158446192741394,227.7490692138672,0.32521477341651917,10.703369379043579
182655.jpg,4/255,37.20127988175878,0.8615157604217529,218.51626586914062,0.28714364767074585,11.175617456436157
182656.jpg,4/255,37.11901388625449,0.9309709072113037,209.43264770507812,0.2679610252380371,11.230469703674316
182657.jpg,4/255,36.98810911471527,0.9201943278312683,182.6201934814453,0.21410447359085083,10.736339807510376
182638.jpg,8/255,31.42841958954399,0.7442755699157715,289.4864807128906,0.44378358125686646,10.494460105895996
182639.jpg,8/255,31.33131140640225,0.7504436373710632,315.9478454589844,0.54799884557724,10.369307518005371
182640.jpg,8/255,31.397921805316535,0.7823371887207031,322.4669189453125,0.5310162901878357,10.437792778015137
182641.jpg,8/255,30.94872530566731,0.767596423625946,307.5277404785156,0.4824902415275574,10.526773691177368
182642.jpg,8/255,31.22542276184863,0.6528928875923157,317.544921875,0.5513638854026794,10.517025232315063
182643.jpg,8/255,31.49569467679777,0.7716804146766663,227.6971435546875,0.2823406457901001,10.676817655563354
182644.jpg,8/255,31.84816208844925,0.772594690322876,214.71055603027344,0.24399113655090332,10.789451122283936
182645.jpg,8/255,31.021734932629524,0.7697779536247253,297.4275817871094,0.4526844322681427,10.784716844558716
182646.jpg,8/255,31.17168415516892,0.7023208141326904,290.0521545410156,0.45098763704299927,10.639277696609497
182647.jpg,8/255,31.606005268923237,0.7861726880073547,235.99119567871094,0.2994322180747986,10.635172367095947
182648.jpg,8/255,31.63877990778459,0.8188145756721497,276.1120300292969,0.3974686563014984,10.618855237960815
182649.jpg,8/255,31.536044530227862,0.7206631302833557,249.7394561767578,0.3425638973712921,10.589775800704956
182650.jpg,8/255,31.555153222581215,0.7677032947540283,350.08599853515625,0.6262145042419434,10.573945999145508
182651.jpg,8/255,31.521222980263467,0.7403032183647156,315.190673828125,0.5111679434776306,10.588047981262207
182652.jpg,8/255,31.516498704790983,0.8410952687263489,273.4483947753906,0.39044713973999023,10.549437284469604
182653.jpg,8/255,31.409327359101304,0.7925453782081604,270.23724365234375,0.38187727332115173,10.62398362159729
182654.jpg,8/255,30.786609360223217,0.7570447325706482,328.3266906738281,0.5571790337562561,10.676522016525269
182655.jpg,8/255,31.002986235733474,0.6318783164024353,325.27734375,0.5510270595550537,10.695289611816406
182656.jpg,8/255,31.184129718644634,0.7907406687736511,269.61077880859375,0.3809063732624054,10.72165822982788
182657.jpg,8/255,30.78170977958277,0.7511231303215027,310.4273986816406,0.4949040412902832,10.651138305664062
182638.jpg,16/255,26.12615569460447,0.5214414000511169,357.90777587890625,0.6537719368934631,10.621497869491577
182639.jpg,16/255,26.309123067496188,0.5198689103126526,359.5395202636719,0.6694083213806152,10.588225603103638
182640.jpg,16/255,26.26129848794807,0.5616217255592346,342.2614440917969,0.597028374671936,10.623917579650879
182641.jpg,16/255,25.780281729038684,0.5551386475563049,329.5998229980469,0.5551230311393738,10.621417999267578
182642.jpg,16/255,26.31574155983088,0.40222468972206116,360.0550231933594,0.6699000597000122,10.539034366607666
182643.jpg,16/255,25.949989124286184,0.5565377473831177,281.98382568359375,0.40527045726776123,10.615962982177734
182644.jpg,16/255,26.42787740045076,0.5389968752861023,297.0015563964844,0.45251941680908203,10.617729663848877
182645.jpg,16/255,26.045280280737565,0.5620139241218567,311.3509521484375,0.49560657143592834,10.649170875549316
182646.jpg,16/255,25.76278995991303,0.45233842730522156,337.2415771484375,0.5835906267166138,10.63129186630249
182647.jpg,16/255,26.30169642004747,0.5978031754493713,290.5293273925781,0.43057581782341003,10.658408641815186
182648.jpg,16/255,26.53065645448887,0.6446650624275208,314.608642578125,0.5094133615493774,10.681236267089844
182649.jpg,16/255,26.092989864117513,0.47431325912475586,286.081298828125,0.4281487464904785,10.705942392349243
182650.jpg,16/255,26.555549621598104,0.56830894947052,364.6449890136719,0.6796715259552002,10.712336778640747
182651.jpg,16/255,25.96692243150133,0.4985558092594147,350.49560546875,0.6264588832855225,10.751968622207642
182652.jpg,16/255,26.41402075828641,0.6546040773391724,315.3326721191406,0.5132344365119934,10.757351398468018
182653.jpg,16/255,26.201749236855502,0.5995563864707947,301.5189514160156,0.4678383767604828,10.748729467391968
182654.jpg,16/255,25.513077540103627,0.5536312460899353,349.94989013671875,0.6237370371818542,10.701533794403076
182655.jpg,16/255,25.925164355352237,0.3914695084095001,361.245361328125,0.6664593815803528,10.62783432006836
182656.jpg,16/255,25.695161972484655,0.5745956301689148,308.41021728515625,0.4869723320007324,10.686652183532715
182657.jpg,16/255,25.581021865180542,0.5263173580169678,338.9738464355469,0.5848873257637024,10.683343648910522
