method,eps,image,psnr,ssim,output_l2,output_mse,success,seconds
pgd,4/255,182638.jpg,37.06484419438305,0.895195484161377,165.41624450683594,0.16586250066757202,True,10.817833423614502
pgd,4/255,182639.jpg,37.41033998036024,0.9170777201652527,223.68960571289062,0.3429497182369232,True,11.436164379119873
pgd,4/255,182640.jpg,37.0697521814462,0.9249421954154968,265.5779113769531,0.36707961559295654,True,11.364288091659546
pgd,4/255,182641.jpg,37.220263849706654,0.925143301486969,235.4045867919922,0.3032664954662323,True,10.804790496826172
pgd,4/255,182642.jpg,37.101948411920546,0.8716899752616882,228.3789825439453,0.3476329743862152,True,10.426401853561401
pgd,4/255,182643.jpg,37.106155510112174,0.9114379286766052,189.4488067626953,0.21251985430717468,True,10.37277626991272
pgd,4/255,182644.jpg,36.837911144581206,0.904824435710907,167.42361450195312,0.15395785868167877,True,10.45085072517395
pgd,4/255,182645.jpg,37.202120327473175,0.926835834980011,233.51992797851562,0.29820436239242554,True,10.599867820739746
pgd,4/255,182646.jpg,37.08359529232069,0.8923401832580566,214.8388214111328,0.2862128019332886,True,10.679487228393555
pgd,4/255,182647.jpg,36.853448127066144,0.9082884788513184,188.1934051513672,0.20308953523635864,True,10.762279510498047
pgd,4/255,182648.jpg,37.050070436940096,0.9310382008552551,207.8311767578125,0.23658235371112823,True,10.749857187271118
pgd,4/255,182649.jpg,36.99622837189231,0.8898860812187195,199.09324645996094,0.2305770367383957,True,10.699640274047852
pgd,4/255,182650.jpg,37.402624671014436,0.9174385666847229,266.1125183105469,0.3747979700565338,True,10.702555179595947
pgd,4/255,182651.jpg,37.36132070896343,0.9064016938209534,251.7879638671875,0.35266074538230896,True,10.687964916229248
pgd,4/255,182652.jpg,37.01379481110071,0.9446653723716736,199.52647399902344,0.2170020490884781,True,10.667302131652832
pgd,4/255,182653.jpg,36.94881096209148,0.9217173457145691,203.5541229248047,0.22556909918785095,True,10.630779504776001
pgd,4/255,182654.jpg,36.94980525827222,0.915960967540741,227.78428649902344,0.32269370555877686,True,10.580295085906982
pgd,4/255,182655.jpg,37.12377167059738,0.8605661392211914,216.93455505371094,0.2823250889778137,True,10.542995691299438
pgd,4/255,182656.jpg,37.10996253894256,0.931584358215332,211.9436492919922,0.2733289301395416,True,10.58298945426941
pgd,4/255,182657.jpg,36.96003034004243,0.921317994594574,180.06204223632812,0.20509850978851318,True,10.562523126602173
uniform_noise,4/255,182638.jpg,41.21733993399154,0.9598554968833923,7.616011142730713,0.00038592799683101475,False,0.00019240379333496094
uniform_noise,4/255,182639.jpg,41.040581784387264,0.9618394374847412,7.178442478179932,0.0003435430699028075,False,0.00013589859008789062
uniform_noise,4/255,182640.jpg,40.93907925464297,0.9670869708061218,13.212924003601074,0.0010870512342080474,False,0.00017523765563964844
uniform_noise,4/255,182641.jpg,40.88099100301364,0.9657298922538757,13.909652709960938,0.0012925791088491678,False,0.000141143798828125
uniform_noise,4/255,182642.jpg,40.94898824551901,0.9422433376312256,7.764350414276123,0.000415936519857496,False,0.00018715858459472656
uniform_noise,4/255,182643.jpg,41.01796281409483,0.9606542587280273,14.63475513458252,0.0015420991694554687,False,0.00017833709716796875
uniform_noise,4/255,182644.jpg,40.951729460697706,0.9600367546081543,11.514466285705566,0.001009585103020072,False,0.00020313262939453125
uniform_noise,4/255,182645.jpg,40.85852873787342,0.9656516909599304,14.22196102142334,0.0013136503985151649,False,0.00018262863159179688
uniform_noise,4/255,182646.jpg,40.87502128870013,0.9509015083312988,9.343559265136719,0.0006380097474902868,False,0.00046825408935546875
uniform_noise,4/255,182647.jpg,40.885029097564534,0.9605410099029541,14.708480834960938,0.0015194329898804426,False,0.00017380714416503906
uniform_noise,4/255,182648.jpg,40.96727735530809,0.969714343547821,12.404319763183594,0.0010538704227656126,False,0.00011801719665527344
uniform_noise,4/255,182649.jpg,40.85662388345213,0.950795590877533,13.573211669921875,0.0013964648824185133,False,0.0001461505889892578
uniform_noise,4/255,182650.jpg,41.1246081241796,0.9628443717956543,11.731405258178711,0.0008226936333812773,False,0.00015234947204589844
uniform_noise,4/255,182651.jpg,41.022418252725586,0.9571612477302551,13.02928638458252,0.001093485509045422,False,0.00019693374633789062
uniform_noise,4/255,182652.jpg,40.88148568848994,0.9760308265686035,13.553912162780762,0.0012719656806439161,False,0.00018906593322753906
uniform_noise,4/255,182653.jpg,40.86416889321591,0.9655030369758606,13.23362922668457,0.001183446031063795,False,0.0001380443572998047
uniform_noise,4/255,182654.jpg,40.89868759076033,0.9631645679473877,10.607996940612793,0.0007469952688552439,False,0.0001595020294189453
uniform_noise,4/255,182655.jpg,41.22499179712818,0.942720353603363,7.478869915008545,0.00032660088618285954,False,0.00020456314086914062
uniform_noise,4/255,182656.jpg,40.86740764333292,0.9680463671684265,10.688516616821289,0.0007849039975553751,False,0.00017523765563964844
uniform_noise,4/255,182657.jpg,40.863589821517365,0.965090811252594,8.793493270874023,0.0005968651385046542,False,0.0001533031463623047
sign_noise,4/255,182638.jpg,36.50591036012927,0.8904089331626892,12.75171184539795,0.001083099632523954,False,0.021073579788208008
sign_noise,4/255,182639.jpg,36.33549599087024,0.8966476917266846,13.532145500183105,0.0012203605147078633,False,0.00019407272338867188
sign_noise,4/255,182640.jpg,36.190866262126974,0.9097053408622742,23.685773849487305,0.0033915159292519093,False,0.00044727325439453125
sign_noise,4/255,182641.jpg,36.11468212362158,0.9072046279907227,23.108341217041016,0.0034457084257155657,False,0.000308990478515625
sign_noise,4/255,182642.jpg,36.19620247183755,0.8468834757804871,13.579233169555664,0.001241173129528761,False,0.0002911090850830078
sign_noise,4/255,182643.jpg,36.26962061072531,0.8968910574913025,25.808231353759766,0.004786383360624313,False,0.0003800392150878906
sign_noise,4/255,182644.jpg,36.202309337832496,0.8930510878562927,20.495014190673828,0.0030982401221990585,False,0.0003223419189453125
sign_noise,4/255,182645.jpg,36.1096631147223,0.9069542288780212,25.61310386657715,0.004204227589070797,False,0.0004143714904785156
sign_noise,4/255,182646.jpg,36.09996478583894,0.8695196509361267,16.4213924407959,0.0019449470564723015,False,0.000247955322265625
sign_noise,4/255,182647.jpg,36.13990845494801,0.8960605263710022,25.863025665283203,0.0046688285656273365,False,0.00021886825561523438
sign_noise,4/255,182648.jpg,36.2251684213756,0.9185537695884705,21.197521209716797,0.003060676855966449,False,0.0002663135528564453
sign_noise,4/255,182649.jpg,36.09153926067155,0.8695297837257385,22.759307861328125,0.0038040222134441137,False,0.00020885467529296875
sign_noise,4/255,182650.jpg,36.414215271013006,0.8991150259971619,20.393091201782227,0.0024723352398723364,False,0.00024580955505371094
sign_noise,4/255,182651.jpg,36.28758311220929,0.8852658271789551,22.9327449798584,0.0033280611969530582,False,0.0002257823944091797
sign_noise,4/255,182652.jpg,36.1082441796623,0.9331356883049011,22.839719772338867,0.003603365272283554,False,0.00022292137145996094
sign_noise,4/255,182653.jpg,36.10407364744645,0.907681941986084,23.184473037719727,0.0035824470687657595,False,0.0002079010009765625
sign_noise,4/255,182654.jpg,36.151608658618706,0.9026878476142883,19.1966609954834,0.002450742060318589,False,0.00023055076599121094
sign_noise,4/255,182655.jpg,36.49792379271728,0.8455637097358704,13.180325508117676,0.0009994246065616608,False,0.00026297569274902344
sign_noise,4/255,182656.jpg,36.098188196431295,0.9130363464355469,20.103246688842773,0.0027227005921304226,False,0.0013728141784667969
sign_noise,4/255,182657.jpg,36.09539325128243,0.9046133160591125,16.06381607055664,0.0019828304648399353,False,0.00022125244140625
pgd,8/255,182638.jpg,31.40422262377788,0.7431719899177551,289.2881164550781,0.4404473900794983,True,10.538046598434448
pgd,8/255,182639.jpg,31.465704758214777,0.7551626563072205,312.14141845703125,0.5355691909790039,True,10.555297613143921
pgd,8/255,182640.jpg,31.367211039366715,0.7811978459358215,327.0010681152344,0.5457758903503418,True,10.637885570526123
pgd,8/255,182641.jpg,31.044162297884125,0.772319495677948,305.4791564941406,0.4762392044067383,True,10.650860071182251
pgd,8/255,182642.jpg,31.315422484640074,0.6573975086212158,314.36529541015625,0.5403403043746948,True,10.59152603149414
pgd,8/255,182643.jpg,31.50887782952612,0.7728963494300842,233.55801391601562,0.2966262400150299,True,10.666085481643677
pgd,8/255,182644.jpg,31.883714440563722,0.7759420275688171,223.41831970214844,0.26129984855651855,True,10.660815715789795
pgd,8/255,182645.jpg,31.117678865116687,0.7732308506965637,296.15167236328125,0.449061781167984,True,10.662349462509155
pgd,8/255,182646.jpg,31.19165272766105,0.7026913166046143,293.0396728515625,0.4607650935649872,True,10.63204550743103
pgd,8/255,182647.jpg,31.718644894841738,0.7909716963768005,233.99241638183594,0.2951548993587494,True,10.705552816390991
pgd,8/255,182648.jpg,31.59320878225931,0.8171257376670837,280.4242858886719,0.4106243848800659,True,10.735482931137085
pgd,8/255,182649.jpg,31.48280180385386,0.7183737754821777,252.39707946777344,0.34753134846687317,True,10.746596336364746
pgd,8/255,182650.jpg,31.616121063411818,0.7700040936470032,346.071533203125,0.6121909022331238,True,10.724063873291016
pgd,8/255,182651.jpg,31.416006891303418,0.7379987239837646,319.6202087402344,0.5242944955825806,True,10.693366050720215
pgd,8/255,182652.jpg,31.58032694211427,0.8431458473205566,271.06683349609375,0.3838258385658264,True,10.64047622680664
pgd,8/255,182653.jpg,31.495875897037116,0.7963131070137024,263.5248718261719,0.3621469736099243,True,10.613348245620728
pgd,8/255,182654.jpg,30.858855434266836,0.7597376704216003,326.05328369140625,0.5503814220428467,True,10.601193904876709
pgd,8/255,182655.jpg,31.06523977006438,0.6338551044464111,323.4757995605469,0.5443679094314575,True,10.587080001831055
pgd,8/255,182656.jpg,31.13188946176972,0.7894983291625977,277.2145690917969,0.40423762798309326,True,10.643946170806885
pgd,8/255,182657.jpg,30.842256015835755,0.7540302276611328,308.98577880859375,0.49068522453308105,True,10.6351957321167
uniform_noise,8/255,182638.jpg,35.340779876184115,0.8696954250335693,15.199368476867676,0.0015150598483160138,False,0.00017881393432617188
uniform_noise,8/255,182639.jpg,35.16943449013681,0.8726596236228943,14.639184951782227,0.0013905707746744156,False,0.00016760826110839844
uniform_noise,8/255,182640.jpg,34.98094908435924,0.8863032460212708,27.127384185791016,0.004468316212296486,False,0.00013566017150878906
uniform_noise,8/255,182641.jpg,34.87967632408366,0.8826174736022949,27.35296058654785,0.0048100329004228115,False,0.00014662742614746094
uniform_noise,8/255,182642.jpg,35.0018203387848,0.8109421730041504,16.194766998291016,0.0017748965183272958,False,0.00016379356384277344
uniform_noise,8/255,182643.jpg,35.081703168448264,0.8715085387229919,29.526830673217773,0.006117352284491062,False,0.00018358230590820312
uniform_noise,8/255,182644.jpg,35.12097236636087,0.8714151978492737,23.036197662353516,0.003910343162715435,False,0.0001366138458251953
uniform_noise,8/255,182645.jpg,34.85132410277966,0.8815615177154541,28.144315719604492,0.004985046572983265,False,0.0001518726348876953
uniform_noise,8/255,182646.jpg,34.878168903202294,0.8367557525634766,19.311830520629883,0.0026382000651210546,False,0.00017547607421875
uniform_noise,8/255,182647.jpg,35.0584943167535,0.8765823245048523,29.8453311920166,0.006210286635905504,False,0.00014066696166992188
uniform_noise,8/255,182648.jpg,35.00987474378729,0.8982498645782471,24.48792839050293,0.004041398875415325,False,0.00015425682067871094
uniform_noise,8/255,182649.jpg,34.840082608825206,0.8361017107963562,27.361303329467773,0.00550415925681591,False,0.00014090538024902344
uniform_noise,8/255,182650.jpg,35.224898509217645,0.8779264092445374,23.637365341186523,0.0032874278258532286,False,0.0001926422119140625
uniform_noise,8/255,182651.jpg,35.09565449701253,0.8583447337150574,26.1365966796875,0.004267842508852482,False,0.0001499652862548828
uniform_noise,8/255,182652.jpg,34.87291063270914,0.914372444152832,27.383100509643555,0.005100035574287176,False,0.00015306472778320312
uniform_noise,8/255,182653.jpg,34.855312791520355,0.8832796216011047,26.456745147705078,0.004643711727112532,False,8.845329284667969e-05
uniform_noise,8/255,182654.jpg,34.911514726469065,0.8774914145469666,21.486927032470703,0.003051793435588479,False,0.00015664100646972656
uniform_noise,8/255,182655.jpg,35.28693837167289,0.8151575922966003,15.07689380645752,0.001303517841733992,False,0.00012493133544921875
uniform_noise,8/255,182656.jpg,34.85634050511985,0.8898629546165466,21.95979881286621,0.003241884056478739,False,0.0003662109375
uniform_noise,8/255,182657.jpg,34.84777206900289,0.8789014220237732,17.517654418945312,0.0022983558010309935,False,0.0001373291015625
sign_noise,8/255,182638.jpg,30.656111305095905,0.7162070870399475,25.092479705810547,0.003980596549808979,False,0.0005981922149658203
sign_noise,8/255,182639.jpg,30.460528321596072,0.7114726901054382,27.544143676757812,0.0047141979448497295,False,0.00029540061950683594
sign_noise,8/255,182640.jpg,30.248314265066885,0.7377901077270508,45.80750274658203,0.012213657610118389,False,0.00021791458129882812
sign_noise,8/255,182641.jpg,30.121440479896155,0.7371969223022461,44.87788009643555,0.012281752191483974,False,0.00017976760864257812
sign_noise,8/255,182642.jpg,30.27371619216919,0.6028329730033875,28.153549194335938,0.005035496782511473,False,0.0002415180206298828
sign_noise,8/255,182643.jpg,30.346917517727775,0.7268853187561035,51.54409408569336,0.018022213131189346,False,0.0002315044403076172
sign_noise,8/255,182644.jpg,30.47010430698466,0.7188878059387207,40.586761474609375,0.01148771308362484,False,0.0002346038818359375
sign_noise,8/255,182645.jpg,30.1085494385662,0.7339837551116943,49.93589401245117,0.01527114026248455,False,0.0015947818756103516
sign_noise,8/255,182646.jpg,30.127763437089424,0.6537185311317444,33.50869369506836,0.007469689939171076,False,0.00023102760314941406
sign_noise,8/255,182647.jpg,30.49814838799349,0.746938943862915,49.18075180053711,0.01639172062277794,False,0.00045180320739746094
sign_noise,8/255,182648.jpg,30.286511974371173,0.7761957049369812,41.75834274291992,0.011179902590811253,False,0.0002830028533935547
sign_noise,8/255,182649.jpg,30.078825280879578,0.6532573103904724,44.86906051635742,0.013783146627247334,False,0.0002722740173339844
sign_noise,8/255,182650.jpg,30.53924037391632,0.7322548031806946,39.849449157714844,0.009194052778184414,False,0.0002796649932861328
sign_noise,8/255,182651.jpg,30.382372675240713,0.6947491765022278,44.50837326049805,0.012027407065033913,False,0.001348257064819336
sign_noise,8/255,182652.jpg,30.1024611716308,0.7948001027107239,45.33674240112305,0.013201153837144375,False,0.00025200843811035156
sign_noise,8/255,182653.jpg,30.101587457565017,0.745627224445343,45.54956817626953,0.01303546316921711,False,0.0002493858337402344
sign_noise,8/255,182654.jpg,30.1698344251216,0.736591100692749,38.418922424316406,0.00963296927511692,False,0.000576019287109375
sign_noise,8/255,182655.jpg,30.5631144555376,0.6138314008712769,27.367691040039062,0.004267542157322168,False,0.0003826618194580078
sign_noise,8/255,182656.jpg,30.094685191414825,0.7517220973968506,41.094757080078125,0.01084310282021761,False,0.0002789497375488281
sign_noise,8/255,182657.jpg,30.08150278820933,0.725672721862793,31.248685836791992,0.006850189529359341,False,0.0002448558807373047
